SNR,TEB_RZ,TEB_NRZ,TEB_NRZT
-60,0.5033503350335033,0.49604960496049605,0.4971497149714971
-58,0.49914991499149913,0.5024502450245024,0.5024502450245024
-56,0.501950195019502,0.49824982498249826,0.49114911491149116
-54,0.4969496949694969,0.4904490449044904,0.5001500150015001
-52,0.4975497549754975,0.5034503450345035,0.5003500350035004
-50,0.494949494949495,0.4957495749574958,0.5008500850085008
-48,0.4971497149714971,0.49824982498249826,0.5016501650165016
-46,0.49584958495849585,0.49604960496049605,0.4886488648864887
-44,0.49974997499749974,0.48874887488748875,0.49254925492549256
