SNR,TEB_RZ,TEB_NRZ,TEB_NRZT
-20,,0.206133,0.246536
-19,0.297011,0.177632,0.22124
-18,0.276581,0.15215,0.196286
-17,0.251588,0.122881,0.168418
-16,0.226986,0.096741,0.14127
