SNR,TEB_RZ,TEB_NRZ,TEB_NRZT
-20,0.414929,0.367619,0.369856
-19,0.406933,0.352525,0.353689
-18,0.395587,0.336314,0.334424
-17,0.382467,0.318975,0.31709
-16,0.368643,0.297754,0.29755
-15,0.353175,0.274978,0.275212
-14,0.336004,0.251877,0.250784
-13,0.316652,0.226339,0.226487
-12,0.295544,0.200268,0.19926
-11,0.275608,0.173275,0.172305
-10.0,0.252972,0.143662,0.145119
-9.5,0.238553,0.130734,0.131627
