SNR,TEB_RZ,TEB_NRZ,TEB_NRZT
-20,0.415143,0.396915,0.396886
-19,0.405324,0.385273,0.38535
-18,0.395526,0.371139,0.371081
-17,0.382056,0.355314,0.355119
-16,0.36891,0.339946,0.339962
-15,0.353839,0.322125,0.323312
-14,0.334092,0.301717,0.302773
-13,0.31736,0.278263,0.279325
-12,0.297183,0.256411,0.25631
-11,0.27389,0.231541,0.232416
-10.0,0.251606,0.20665,0.205316
-9.5,0.238305,0.193034,0.19287
