SNR,TEB_RZ,TEB_NRZ,TEB_NRZT
-60,0.4980085,0.4979965,0.4976605
-59,0.4975625,0.4979555,0.4979555
