SNR,TEB_RZ,TEB_NRZ,TEB_NRZT
-60,0.4848485,0.56565654,0.46464646
-59,0.44444445,0.4949495,0.56565654
-58,0.53535354,0.5050505,0.4949495
-57,0.45454547,0.54545456,0.4949495
-56,0.6060606,0.5252525,0.5151515
-55,0.5050505,0.5151515,0.42424244
-54,0.56565654,0.4949495,0.5555556
-53,0.5151515,0.5050505,0.5252525
